{
	"name": "Python 3",
	"build": {
		"dockerfile": "Dockerfile",
		"context": "..",
		"args": {
			// Update 'VARIANT' to pick a Python version: 3, 3.11, 3.10, 3.9, 3.8
			// Append -bullseye or -buster to pin to an OS version.
			// Use -bullseye variants on local on arm64/Apple Silicon.
			"VARIANT": "3.12-bookworm",
		}
	},

	// Configure tool-specific properties.
	"customizations": {
		// Configure properties specific to VS Code.
		"vscode": {
			// Set *default* container specific settings.json values on container create.
			"settings": {
				"python.defaultInterpreterPath": "/usr/local/bin/python",
				"python.linting.enabled": true,
				"python.formatting.blackPath": "/usr/local/py-utils/bin/black",
				"python.linting.mypyPath": "/usr/local/py-utils/bin/mypy"
			},

			// Add the IDs of extensions you want installed when the container is created.
			"extensions": [
				"ms-python.python",
				"ms-python.vscode-pylance"
			]
		}
	},

	// Use 'forwardPorts' to make a list of ports inside the container available locally.
	// "forwardPorts": [],

	// Use 'postCreateCommand' to run commands after the container is created.
	// "postCreateCommand": "pip3 install --user -r requirements.txt",

	// Comment out to connect as root instead. More info: https://aka.ms/vscode-remote/containers/non-root.
	"remoteUser": "vscode"
}
